{
    "fileName": "navx_frc.json",
    "name": "KauaiLabs_navX_FRC",
    "version": "3.1.336",
    "uuid": "cb311d09-36e9-4143-a032-55bb2b94443b",
    "mavenUrls": [
        "https://repo1.maven.org/maven2/",
        "http://www.kauailabs.com/maven2/"
    ],
    "jsonUrl": "https://www.kauailabs.com/dist/frc/2019/navx_frc.json",
    "javaDependencies": [
        {
            "groupId": "com.kauailabs.navx.frc",
            "artifactId": "navx-java",
            "version": "3.1.336"
        }
    ],
    "jniDependencies": [],
    "cppDependencies": [
        {
            "groupId": "com.kauailabs.navx.frc",
            "artifactId": "navx-cpp",
            "version": "3.1.336",
            "isHeaderOnly": false,
            "headerClassifier": "headers",
            "hasSources": true,
            "sourcesClassifier": "sources",
            "sharedLibrary": false,
            "libName": "libnavx_frc.a",
            "skipOnUnknownClassifier": true,
            "validClassifiers": [
                "linuxathena"
            ]
        }
    ]
}